,attr1,attr2,attr3,attr4,attr1_avg,attr2_avg,attr3_avg,attr4_avg,attr1_name,attr2_name,attr3_name,attr4_name
1,1.0,1.0,1.0,0.0,0.99967283856,0.9299995768575,0.981739942445,0.77338911518,Proficient in Random Variables & Distributions,Proficient in Computing & Visualizing Distributions,Proficient in Specific Models,Did not meet proficiency of Continuous Models
2,1.0,1.0,1.0,0.0,0.99967283856,0.9299995768575,0.981739942445,0.77338911518,Proficient in Random Variables & Distributions,Proficient in Computing & Visualizing Distributions,Proficient in Specific Models,Did not meet proficiency of Continuous Models
3,0.0,1.0,1.0,0.0,0.33396730999425,0.80111361773,0.9722688132949999,0.6992603121075,Did not meet proficiency of Random Variables & Distributions,Proficient in Computing & Visualizing Distributions,Proficient in Specific Models,Did not meet proficiency of Continuous Models
4,1.0,0.0,0.0,0.0,0.99722065754,0.4913283999625,0.0059463905226225,0.5545729108675,Proficient in Random Variables & Distributions,Did not meet proficiency of Computing & Visualizing Distributions,Did not meet proficiency of Specific Models,Did not meet proficiency of Continuous Models
5,0.0,0.0,0.0,0.0,0.0141878338250425,0.37513127242825,0.066067796513175,0.34244014377525,Did not meet proficiency of Random Variables & Distributions,Did not meet proficiency of Computing & Visualizing Distributions,Did not meet proficiency of Specific Models,Did not meet proficiency of Continuous Models
6,1.0,1.0,1.0,0.0,0.9979192272574999,0.897845980705,0.9974242462024999,0.7691973402025,Proficient in Random Variables & Distributions,Proficient in Computing & Visualizing Distributions,Proficient in Specific Models,Did not meet proficiency of Continuous Models
7,0.0,0.0,0.0,0.0,4.3193140597449994e-05,0.0298010912757,0.00104598611342825,0.34560727566925,Did not meet proficiency of Random Variables & Distributions,Did not meet proficiency of Computing & Visualizing Distributions,Did not meet proficiency of Specific Models,Did not meet proficiency of Continuous Models
8,1.0,1.0,1.0,0.0,0.9990248292725,0.9040881435725,0.9920791733900001,0.7694366057175,Proficient in Random Variables & Distributions,Proficient in Computing & Visualizing Distributions,Proficient in Specific Models,Did not meet proficiency of Continuous Models
9,1.0,1.0,1.0,0.0,0.99970390305,0.9290749617599999,0.9983101704949999,0.77671039287,Proficient in Random Variables & Distributions,Proficient in Computing & Visualizing Distributions,Proficient in Specific Models,Did not meet proficiency of Continuous Models
10,1.0,1.0,0.0,0.0,0.9991905040125,0.9442761804174999,0.7134391008975,0.71809960664,Proficient in Random Variables & Distributions,Proficient in Computing & Visualizing Distributions,Did not meet proficiency of Specific Models,Did not meet proficiency of Continuous Models
11,1.0,1.0,1.0,0.0,0.999231304765,0.867642085975,0.8953279032775,0.7472390730974999,Proficient in Random Variables & Distributions,Proficient in Computing & Visualizing Distributions,Proficient in Specific Models,Did not meet proficiency of Continuous Models
12,1.0,1.0,1.0,0.0,0.995501989725,0.912552996065,0.9945828586375,0.750669479555,Proficient in Random Variables & Distributions,Proficient in Computing & Visualizing Distributions,Proficient in Specific Models,Did not meet proficiency of Continuous Models
13,1.0,0.0,0.0,0.0,0.8470162021150001,0.766979865475,0.39879474940875004,0.5314422702524999,Proficient in Random Variables & Distributions,Did not meet proficiency of Computing & Visualizing Distributions,Did not meet proficiency of Specific Models,Did not meet proficiency of Continuous Models
14,1.0,1.0,1.0,0.0,0.999186568235,0.9147753204325001,0.99832902622,0.7732549798674999,Proficient in Random Variables & Distributions,Proficient in Computing & Visualizing Distributions,Proficient in Specific Models,Did not meet proficiency of Continuous Models
15,1.0,1.0,0.0,0.0,0.9987054804525,0.92051619881,0.7682443452775,0.7271276020799999,Proficient in Random Variables & Distributions,Proficient in Computing & Visualizing Distributions,Did not meet proficiency of Specific Models,Did not meet proficiency of Continuous Models
16,1.0,1.0,1.0,0.0,0.97974166551,0.85665900428,0.9819320929174999,0.7341508075850001,Proficient in Random Variables & Distributions,Proficient in Computing & Visualizing Distributions,Proficient in Specific Models,Did not meet proficiency of Continuous Models
17,1.0,1.0,1.0,0.0,0.979923334945,0.8243942838775,0.9871110558375,0.755413133175,Proficient in Random Variables & Distributions,Proficient in Computing & Visualizing Distributions,Proficient in Specific Models,Did not meet proficiency of Continuous Models
18,1.0,1.0,1.0,0.0,0.9993610722424999,0.922127356825,0.9818484268050001,0.771523008955,Proficient in Random Variables & Distributions,Proficient in Computing & Visualizing Distributions,Proficient in Specific Models,Did not meet proficiency of Continuous Models
19,1.0,1.0,1.0,0.0,0.9968259098875,0.91878962835,0.9982474906700001,0.753230873305,Proficient in Random Variables & Distributions,Proficient in Computing & Visualizing Distributions,Proficient in Specific Models,Did not meet proficiency of Continuous Models
20,1.0,1.0,1.0,0.0,0.9571265932225,0.8678495506275,0.8832670292425,0.7215738418975,Proficient in Random Variables & Distributions,Proficient in Computing & Visualizing Distributions,Proficient in Specific Models,Did not meet proficiency of Continuous Models
21,1.0,1.0,1.0,0.0,0.9991703326175,0.9150142532425,0.9948335160475,0.772567662475,Proficient in Random Variables & Distributions,Proficient in Computing & Visualizing Distributions,Proficient in Specific Models,Did not meet proficiency of Continuous Models
22,1.0,1.0,0.0,0.0,0.9797831844825,0.9432220840875,0.632872036525,0.7053820160275,Proficient in Random Variables & Distributions,Proficient in Computing & Visualizing Distributions,Did not meet proficiency of Specific Models,Did not meet proficiency of Continuous Models
23,1.0,1.0,1.0,0.0,0.9994545764575,0.9269964362174999,0.8485944464699999,0.7449431822775,Proficient in Random Variables & Distributions,Proficient in Computing & Visualizing Distributions,Proficient in Specific Models,Did not meet proficiency of Continuous Models
24,1.0,1.0,1.0,0.0,0.9996849897450001,0.902178313785,0.97399709706,0.7664110678475,Proficient in Random Variables & Distributions,Proficient in Computing & Visualizing Distributions,Proficient in Specific Models,Did not meet proficiency of Continuous Models
25,0.0,1.0,1.0,0.0,0.744137639245,0.9295834190750001,0.9644756464475001,0.729069445565,Did not meet proficiency of Random Variables & Distributions,Proficient in Computing & Visualizing Distributions,Proficient in Specific Models,Did not meet proficiency of Continuous Models
26,1.0,1.0,1.0,0.0,0.9996950782875,0.9240220331025,0.9920383983175,0.7742208419925001,Proficient in Random Variables & Distributions,Proficient in Computing & Visualizing Distributions,Proficient in Specific Models,Did not meet proficiency of Continuous Models
27,1.0,1.0,1.0,0.0,0.9977788210249999,0.8833390493975001,0.9858228939425,0.763556256755,Proficient in Random Variables & Distributions,Proficient in Computing & Visualizing Distributions,Proficient in Specific Models,Did not meet proficiency of Continuous Models
28,1.0,1.0,1.0,0.0,0.9997043611374999,0.9238957221724999,0.9974128790800001,0.775298843705,Proficient in Random Variables & Distributions,Proficient in Computing & Visualizing Distributions,Proficient in Specific Models,Did not meet proficiency of Continuous Models
29,1.0,1.0,1.0,0.0,0.996811004215,0.9017719444725,0.9893202665049999,0.7691836937550001,Proficient in Random Variables & Distributions,Proficient in Computing & Visualizing Distributions,Proficient in Specific Models,Did not meet proficiency of Continuous Models
30,0.0,0.0,0.0,0.0,0.00011037047475540001,0.081219812100125,0.553632295955,0.337486318046,Did not meet proficiency of Random Variables & Distributions,Did not meet proficiency of Computing & Visualizing Distributions,Did not meet proficiency of Specific Models,Did not meet proficiency of Continuous Models
31,1.0,1.0,1.0,0.0,0.99970390305,0.9290749617599999,0.9983101704949999,0.77671039287,Proficient in Random Variables & Distributions,Proficient in Computing & Visualizing Distributions,Proficient in Specific Models,Did not meet proficiency of Continuous Models
32,1.0,1.0,1.0,0.0,0.9996950782875,0.9240220331025,0.9920383983175,0.7742208419925001,Proficient in Random Variables & Distributions,Proficient in Computing & Visualizing Distributions,Proficient in Specific Models,Did not meet proficiency of Continuous Models
33,1.0,0.0,0.0,0.0,0.9677801470325,0.7328658240025,0.13549365220075,0.5304167400149999,Proficient in Random Variables & Distributions,Did not meet proficiency of Computing & Visualizing Distributions,Did not meet proficiency of Specific Models,Did not meet proficiency of Continuous Models
34,1.0,1.0,1.0,0.0,0.9811281233675001,0.9283891440275001,0.99402361704,0.753308734565,Proficient in Random Variables & Distributions,Proficient in Computing & Visualizing Distributions,Proficient in Specific Models,Did not meet proficiency of Continuous Models
35,1.0,0.0,0.0,0.0,0.9973319858974999,0.5112313121475,0.0587661370088,0.5659220122824999,Proficient in Random Variables & Distributions,Did not meet proficiency of Computing & Visualizing Distributions,Did not meet proficiency of Specific Models,Did not meet proficiency of Continuous Models
36,1.0,1.0,1.0,0.0,0.9994164195175,0.921095437765,0.998320664235,0.774782977265,Proficient in Random Variables & Distributions,Proficient in Computing & Visualizing Distributions,Proficient in Specific Models,Did not meet proficiency of Continuous Models
37,1.0,1.0,1.0,0.0,0.9993991261249999,0.915496938635,0.99205554195,0.7721744846824999,Proficient in Random Variables & Distributions,Proficient in Computing & Visualizing Distributions,Proficient in Specific Models,Did not meet proficiency of Continuous Models
38,1.0,1.0,1.0,0.0,0.9983864562125,0.9216989384250001,0.9973193602175,0.7539762842825001,Proficient in Random Variables & Distributions,Proficient in Computing & Visualizing Distributions,Proficient in Specific Models,Did not meet proficiency of Continuous Models
39,1.0,1.0,1.0,0.0,0.99940437892,0.921316346155,0.9948080126625,0.774085316325,Proficient in Random Variables & Distributions,Proficient in Computing & Visualizing Distributions,Proficient in Specific Models,Did not meet proficiency of Continuous Models
40,0.0,0.0,0.0,0.0,0.037760498568275,0.18406142040275,0.4907062408275,0.34958289125674996,Did not meet proficiency of Random Variables & Distributions,Did not meet proficiency of Computing & Visualizing Distributions,Did not meet proficiency of Specific Models,Did not meet proficiency of Continuous Models
41,1.0,1.0,1.0,0.0,0.9996971539125,0.929272378365,0.9947755929175001,0.7759992286399999,Proficient in Random Variables & Distributions,Proficient in Computing & Visualizing Distributions,Proficient in Specific Models,Did not meet proficiency of Continuous Models
42,1.0,1.0,1.0,0.0,0.99940437892,0.921316346155,0.9948080126625,0.774085316325,Proficient in Random Variables & Distributions,Proficient in Computing & Visualizing Distributions,Proficient in Specific Models,Did not meet proficiency of Continuous Models
43,1.0,1.0,1.0,0.0,0.99924436735,0.8806126270825,0.9137182118875,0.7518792486575001,Proficient in Random Variables & Distributions,Proficient in Computing & Visualizing Distributions,Proficient in Specific Models,Did not meet proficiency of Continuous Models
44,1.0,1.0,1.0,0.0,0.9615285087575001,0.8859700651075,0.9981297713025,0.7720857288549999,Proficient in Random Variables & Distributions,Proficient in Computing & Visualizing Distributions,Proficient in Specific Models,Did not meet proficiency of Continuous Models
45,0.0,0.0,0.0,0.0,0.037760498568275,0.18406142040275,0.4907062408275,0.34958289125674996,Did not meet proficiency of Random Variables & Distributions,Did not meet proficiency of Computing & Visualizing Distributions,Did not meet proficiency of Specific Models,Did not meet proficiency of Continuous Models
46,1.0,1.0,1.0,0.0,0.9644938468725,0.9201529915925001,0.9979355406124999,0.7506385846525,Proficient in Random Variables & Distributions,Proficient in Computing & Visualizing Distributions,Proficient in Specific Models,Did not meet proficiency of Continuous Models
47,1.0,1.0,1.0,0.0,0.9990517077675001,0.90392376645,0.9974261155049999,0.77047767249,Proficient in Random Variables & Distributions,Proficient in Computing & Visualizing Distributions,Proficient in Specific Models,Did not meet proficiency of Continuous Models
48,1.0,1.0,1.0,0.0,0.99970390305,0.9290749617599999,0.9983101704949999,0.77671039287,Proficient in Random Variables & Distributions,Proficient in Computing & Visualizing Distributions,Proficient in Specific Models,Did not meet proficiency of Continuous Models
49,1.0,1.0,1.0,0.0,0.9997049664050001,0.9015029717774999,0.9894208974375001,0.76884573155,Proficient in Random Variables & Distributions,Proficient in Computing & Visualizing Distributions,Proficient in Specific Models,Did not meet proficiency of Continuous Models
50,1.0,1.0,1.0,0.0,0.9931081645325001,0.8246733785475,0.9261741732575,0.748284380635,Proficient in Random Variables & Distributions,Proficient in Computing & Visualizing Distributions,Proficient in Specific Models,Did not meet proficiency of Continuous Models
51,1.0,1.0,1.0,0.0,0.9997043611374999,0.9238957221724999,0.9974128790800001,0.775298843705,Proficient in Random Variables & Distributions,Proficient in Computing & Visualizing Distributions,Proficient in Specific Models,Did not meet proficiency of Continuous Models
52,0.0,0.0,0.0,0.0,7.074704199085e-05,0.09272803752887501,0.11276516444675001,0.342984179081,Did not meet proficiency of Random Variables & Distributions,Did not meet proficiency of Computing & Visualizing Distributions,Did not meet proficiency of Specific Models,Did not meet proficiency of Continuous Models
53,0.0,0.0,0.0,0.0,7.37905082325e-05,0.0298726299967425,0.0032733784300975,0.34557618484224994,Did not meet proficiency of Random Variables & Distributions,Did not meet proficiency of Computing & Visualizing Distributions,Did not meet proficiency of Specific Models,Did not meet proficiency of Continuous Models
54,1.0,1.0,1.0,0.0,0.9995748971975,0.925554381525,0.921442211905,0.7600015826950001,Proficient in Random Variables & Distributions,Proficient in Computing & Visualizing Distributions,Proficient in Specific Models,Did not meet proficiency of Continuous Models
55,1.0,0.0,0.0,0.0,0.9989447679050001,0.72644859082,0.7965786261125001,0.7170488913899999,Proficient in Random Variables & Distributions,Did not meet proficiency of Computing & Visualizing Distributions,Did not meet proficiency of Specific Models,Did not meet proficiency of Continuous Models
56,1.0,1.0,1.0,0.0,0.9995748971975,0.925554381525,0.921442211905,0.7600015826950001,Proficient in Random Variables & Distributions,Proficient in Computing & Visualizing Distributions,Proficient in Specific Models,Did not meet proficiency of Continuous Models
57,1.0,1.0,1.0,0.0,0.99404220965,0.9163457502725,0.9981697093875,0.73075606368,Proficient in Random Variables & Distributions,Proficient in Computing & Visualizing Distributions,Proficient in Specific Models,Did not meet proficiency of Continuous Models
58,1.0,1.0,1.0,0.0,0.9970226881825001,0.8163090705974999,0.923206087335,0.7424938102324999,Proficient in Random Variables & Distributions,Proficient in Computing & Visualizing Distributions,Proficient in Specific Models,Did not meet proficiency of Continuous Models
59,0.0,0.0,0.0,0.0,0.35015885875599995,0.59925256872,0.012665067793525,0.5920947881675,Did not meet proficiency of Random Variables & Distributions,Did not meet proficiency of Computing & Visualizing Distributions,Did not meet proficiency of Specific Models,Did not meet proficiency of Continuous Models
60,0.0,1.0,1.0,0.0,0.532048857625,0.9343432369325,0.9815038426,0.5344411367225,Did not meet proficiency of Random Variables & Distributions,Proficient in Computing & Visualizing Distributions,Proficient in Specific Models,Did not meet proficiency of Continuous Models
61,0.0,1.0,0.0,0.0,0.4960837734625,0.9293225264625,0.6779700950374999,0.69614376663,Did not meet proficiency of Random Variables & Distributions,Proficient in Computing & Visualizing Distributions,Did not meet proficiency of Specific Models,Did not meet proficiency of Continuous Models
62,0.0,1.0,1.0,0.0,0.7488087121325,0.943856201055,0.98693159302,0.7347274547375,Did not meet proficiency of Random Variables & Distributions,Proficient in Computing & Visualizing Distributions,Proficient in Specific Models,Did not meet proficiency of Continuous Models
63,0.0,1.0,1.0,0.0,0.7602574872075001,0.9390034271075,0.9816736423900001,0.7344255373874999,Did not meet proficiency of Random Variables & Distributions,Proficient in Computing & Visualizing Distributions,Proficient in Specific Models,Did not meet proficiency of Continuous Models
64,1.0,1.0,1.0,0.0,0.99270969567,0.8857736889725001,0.9666828329375,0.762658347485,Proficient in Random Variables & Distributions,Proficient in Computing & Visualizing Distributions,Proficient in Specific Models,Did not meet proficiency of Continuous Models
65,1.0,1.0,1.0,0.0,0.99940437892,0.921316346155,0.9948080126625,0.774085316325,Proficient in Random Variables & Distributions,Proficient in Computing & Visualizing Distributions,Proficient in Specific Models,Did not meet proficiency of Continuous Models
66,0.0,0.0,0.0,0.0,4.76833338728e-06,0.032069780721762496,0.07090333961225,0.34456018135525,Did not meet proficiency of Random Variables & Distributions,Did not meet proficiency of Computing & Visualizing Distributions,Did not meet proficiency of Specific Models,Did not meet proficiency of Continuous Models
67,1.0,1.0,1.0,0.0,0.9968085068225,0.8915569050875,0.990905021995,0.7452076515075,Proficient in Random Variables & Distributions,Proficient in Computing & Visualizing Distributions,Proficient in Specific Models,Did not meet proficiency of Continuous Models
68,1.0,1.0,1.0,0.0,0.999231304765,0.867642085975,0.8953279032775,0.7472390730974999,Proficient in Random Variables & Distributions,Proficient in Computing & Visualizing Distributions,Proficient in Specific Models,Did not meet proficiency of Continuous Models
69,1.0,0.0,0.0,0.0,0.8647916038175,0.7897522799625,0.5200516349900001,0.5597882171425,Proficient in Random Variables & Distributions,Did not meet proficiency of Computing & Visualizing Distributions,Did not meet proficiency of Specific Models,Did not meet proficiency of Continuous Models
70,1.0,1.0,1.0,0.0,0.9995748971975,0.925554381525,0.921442211905,0.7600015826950001,Proficient in Random Variables & Distributions,Proficient in Computing & Visualizing Distributions,Proficient in Specific Models,Did not meet proficiency of Continuous Models
71,1.0,1.0,1.0,0.0,0.995501989725,0.912552996065,0.9945828586375,0.750669479555,Proficient in Random Variables & Distributions,Proficient in Computing & Visualizing Distributions,Proficient in Specific Models,Did not meet proficiency of Continuous Models
72,1.0,0.0,0.0,0.0,0.82182871215,0.59716165429,0.1317701657,0.46498590713750004,Proficient in Random Variables & Distributions,Did not meet proficiency of Computing & Visualizing Distributions,Did not meet proficiency of Specific Models,Did not meet proficiency of Continuous Models
73,0.0,0.0,0.0,0.0,0.016820304916875,0.1002511060616,0.00037402005765025,0.3463073021545,Did not meet proficiency of Random Variables & Distributions,Did not meet proficiency of Computing & Visualizing Distributions,Did not meet proficiency of Specific Models,Did not meet proficiency of Continuous Models
74,1.0,1.0,1.0,0.0,0.991094282405,0.9153061385025,0.9946049110599999,0.77348434021,Proficient in Random Variables & Distributions,Proficient in Computing & Visualizing Distributions,Proficient in Specific Models,Did not meet proficiency of Continuous Models
75,1.0,1.0,1.0,0.0,0.9969976162374999,0.907776671375,0.9950797937,0.728158695685,Proficient in Random Variables & Distributions,Proficient in Computing & Visualizing Distributions,Proficient in Specific Models,Did not meet proficiency of Continuous Models
76,1.0,0.0,1.0,0.0,0.9545740869725,0.6757233973875,0.88300174067,0.7242879881500001,Proficient in Random Variables & Distributions,Did not meet proficiency of Computing & Visualizing Distributions,Proficient in Specific Models,Did not meet proficiency of Continuous Models
77,1.0,1.0,1.0,0.0,0.9996950782875,0.9240220331025,0.9920383983175,0.7742208419925001,Proficient in Random Variables & Distributions,Proficient in Computing & Visualizing Distributions,Proficient in Specific Models,Did not meet proficiency of Continuous Models
78,1.0,1.0,1.0,0.0,0.9814559791799999,0.88582550854,0.9982132913499999,0.7443157478000001,Proficient in Random Variables & Distributions,Proficient in Computing & Visualizing Distributions,Proficient in Specific Models,Did not meet proficiency of Continuous Models
79,1.0,1.0,1.0,0.0,0.9997043611374999,0.9238957221724999,0.9974128790800001,0.775298843705,Proficient in Random Variables & Distributions,Proficient in Computing & Visualizing Distributions,Proficient in Specific Models,Did not meet proficiency of Continuous Models
80,1.0,0.0,0.0,0.0,0.9945812397375,0.6842457842249999,0.7750230613825,0.70814300409,Proficient in Random Variables & Distributions,Did not meet proficiency of Computing & Visualizing Distributions,Did not meet proficiency of Specific Models,Did not meet proficiency of Continuous Models
81,1.0,1.0,1.0,0.0,0.9996971539125,0.929272378365,0.9947755929175001,0.7759992286399999,Proficient in Random Variables & Distributions,Proficient in Computing & Visualizing Distributions,Proficient in Specific Models,Did not meet proficiency of Continuous Models
82,1.0,1.0,1.0,0.0,0.9995748971975,0.925554381525,0.921442211905,0.7600015826950001,Proficient in Random Variables & Distributions,Proficient in Computing & Visualizing Distributions,Proficient in Specific Models,Did not meet proficiency of Continuous Models
83,1.0,1.0,1.0,0.0,0.999110251665,0.9159090968275,0.9817525766,0.7700016052475,Proficient in Random Variables & Distributions,Proficient in Computing & Visualizing Distributions,Proficient in Specific Models,Did not meet proficiency of Continuous Models
84,0.0,0.0,0.0,0.0,4.176064295355e-06,0.029865713657505,0.0032729144888025,0.3455690307205,Did not meet proficiency of Random Variables & Distributions,Did not meet proficiency of Computing & Visualizing Distributions,Did not meet proficiency of Specific Models,Did not meet proficiency of Continuous Models
85,1.0,0.0,0.0,0.0,0.99722065754,0.4913283999625,0.0059463905226225,0.5545729108675,Proficient in Random Variables & Distributions,Did not meet proficiency of Computing & Visualizing Distributions,Did not meet proficiency of Specific Models,Did not meet proficiency of Continuous Models
86,1.0,1.0,1.0,0.0,0.9996971539125,0.929272378365,0.9947755929175001,0.7759992286399999,Proficient in Random Variables & Distributions,Proficient in Computing & Visualizing Distributions,Proficient in Specific Models,Did not meet proficiency of Continuous Models
87,1.0,1.0,1.0,0.0,0.9634757854375,0.926549292675,0.99045440563,0.77820109784,Proficient in Random Variables & Distributions,Proficient in Computing & Visualizing Distributions,Proficient in Specific Models,Did not meet proficiency of Continuous Models
88,1.0,1.0,1.0,0.0,0.996410265805,0.9136265169425,0.9713111724625001,0.7461625682425,Proficient in Random Variables & Distributions,Proficient in Computing & Visualizing Distributions,Proficient in Specific Models,Did not meet proficiency of Continuous Models
89,1.0,1.0,1.0,0.0,0.956731463545,0.8982462358125,0.9353054859850001,0.7339480891925,Proficient in Random Variables & Distributions,Proficient in Computing & Visualizing Distributions,Proficient in Specific Models,Did not meet proficiency of Continuous Models
90,1.0,1.0,1.0,0.0,0.99697839489,0.9248116070575001,0.99817973637,0.73333511562,Proficient in Random Variables & Distributions,Proficient in Computing & Visualizing Distributions,Proficient in Specific Models,Did not meet proficiency of Continuous Models
91,0.0,0.0,0.0,0.0,0.2842476411545,0.5754345496,0.637061323955,0.42327416155750003,Did not meet proficiency of Random Variables & Distributions,Did not meet proficiency of Computing & Visualizing Distributions,Did not meet proficiency of Specific Models,Did not meet proficiency of Continuous Models
92,1.0,1.0,1.0,0.0,0.99940437892,0.921316346155,0.9948080126625,0.774085316325,Proficient in Random Variables & Distributions,Proficient in Computing & Visualizing Distributions,Proficient in Specific Models,Did not meet proficiency of Continuous Models
93,1.0,1.0,1.0,0.0,0.9803582482350001,0.8956906216349999,0.9654982921475,0.7410362791075,Proficient in Random Variables & Distributions,Proficient in Computing & Visualizing Distributions,Proficient in Specific Models,Did not meet proficiency of Continuous Models
94,0.0,0.0,0.0,0.0,0.000767733514426,0.10681697623722501,0.042578920782175,0.34398707099475,Did not meet proficiency of Random Variables & Distributions,Did not meet proficiency of Computing & Visualizing Distributions,Did not meet proficiency of Specific Models,Did not meet proficiency of Continuous Models
95,1.0,1.0,1.0,0.0,0.9996971539125,0.929272378365,0.9947755929175001,0.7759992286399999,Proficient in Random Variables & Distributions,Proficient in Computing & Visualizing Distributions,Proficient in Specific Models,Did not meet proficiency of Continuous Models
96,1.0,0.0,1.0,0.0,0.9167016555825,0.7757225204975,0.90644653094,0.7471588182100001,Proficient in Random Variables & Distributions,Did not meet proficiency of Computing & Visualizing Distributions,Proficient in Specific Models,Did not meet proficiency of Continuous Models
97,1.0,0.0,0.0,0.0,0.9861525990500001,0.5141334003425,0.056733054899075,0.5351606352075,Proficient in Random Variables & Distributions,Did not meet proficiency of Computing & Visualizing Distributions,Did not meet proficiency of Specific Models,Did not meet proficiency of Continuous Models
98,0.0,0.0,0.0,1.0,0.112469909733275,0.1067689900098,0.0048363102407325,0.838197793645,Did not meet proficiency of Random Variables & Distributions,Did not meet proficiency of Computing & Visualizing Distributions,Did not meet proficiency of Specific Models,Proficient in Continuous Models
99,1.0,1.0,1.0,0.0,0.9979314638025001,0.8895365547774999,0.9128223010450001,0.73147336963,Proficient in Random Variables & Distributions,Proficient in Computing & Visualizing Distributions,Proficient in Specific Models,Did not meet proficiency of Continuous Models
100,0.0,0.0,0.0,0.0,7.074704199085e-05,0.09272803752887501,0.11276516444675001,0.342984179081,Did not meet proficiency of Random Variables & Distributions,Did not meet proficiency of Computing & Visualizing Distributions,Did not meet proficiency of Specific Models,Did not meet proficiency of Continuous Models
101,0.0,0.0,0.0,0.0,0.1067959412805,0.73896111963,0.11118094855475,0.356338311485,Did not meet proficiency of Random Variables & Distributions,Did not meet proficiency of Computing & Visualizing Distributions,Did not meet proficiency of Specific Models,Did not meet proficiency of Continuous Models
102,1.0,1.0,1.0,0.0,0.9989330780825,0.834055015615,0.9267323468275,0.7463156758899999,Proficient in Random Variables & Distributions,Proficient in Computing & Visualizing Distributions,Proficient in Specific Models,Did not meet proficiency of Continuous Models
103,1.0,1.0,1.0,0.0,0.9903639588625,0.909108289175,0.991715481605,0.7715632207349999,Proficient in Random Variables & Distributions,Proficient in Computing & Visualizing Distributions,Proficient in Specific Models,Did not meet proficiency of Continuous Models
104,1.0,1.0,1.0,0.0,0.9993991261249999,0.915496938635,0.99205554195,0.7721744846824999,Proficient in Random Variables & Distributions,Proficient in Computing & Visualizing Distributions,Proficient in Specific Models,Did not meet proficiency of Continuous Models
105,1.0,1.0,1.0,0.0,0.9996950782875,0.9240220331025,0.9920383983175,0.7742208419925001,Proficient in Random Variables & Distributions,Proficient in Computing & Visualizing Distributions,Proficient in Specific Models,Did not meet proficiency of Continuous Models
106,1.0,0.0,0.0,0.0,0.98200938909,0.636162471765,0.01240816869121,0.5288934590075001,Proficient in Random Variables & Distributions,Did not meet proficiency of Computing & Visualizing Distributions,Did not meet proficiency of Specific Models,Did not meet proficiency of Continuous Models
107,1.0,1.0,1.0,0.0,0.9997043611374999,0.9238957221724999,0.9974128790800001,0.775298843705,Proficient in Random Variables & Distributions,Proficient in Computing & Visualizing Distributions,Proficient in Specific Models,Did not meet proficiency of Continuous Models
108,1.0,1.0,1.0,0.0,0.9994046059449999,0.869146695175,0.9760104472825,0.7598707545,Proficient in Random Variables & Distributions,Proficient in Computing & Visualizing Distributions,Proficient in Specific Models,Did not meet proficiency of Continuous Models
109,1.0,1.0,1.0,0.0,0.99970390305,0.9290749617599999,0.9983101704949999,0.77671039287,Proficient in Random Variables & Distributions,Proficient in Computing & Visualizing Distributions,Proficient in Specific Models,Did not meet proficiency of Continuous Models
110,0.0,0.0,0.0,0.0,0.15115863004175,0.1702866948515,0.494839751535,0.65041998524,Did not meet proficiency of Random Variables & Distributions,Did not meet proficiency of Computing & Visualizing Distributions,Did not meet proficiency of Specific Models,Did not meet proficiency of Continuous Models
111,0.0,0.0,0.0,0.0,0.022237092074375,0.095915187469725,0.4694119141375,0.34458624965,Did not meet proficiency of Random Variables & Distributions,Did not meet proficiency of Computing & Visualizing Distributions,Did not meet proficiency of Specific Models,Did not meet proficiency of Continuous Models
112,1.0,1.0,1.0,0.0,0.8252319226025,0.845749515855,0.9761354943,0.629659040995,Proficient in Random Variables & Distributions,Proficient in Computing & Visualizing Distributions,Proficient in Specific Models,Did not meet proficiency of Continuous Models
113,1.0,1.0,1.0,0.0,0.9325248867,0.9064504466,0.9939112840675,0.77755474494,Proficient in Random Variables & Distributions,Proficient in Computing & Visualizing Distributions,Proficient in Specific Models,Did not meet proficiency of Continuous Models
114,0.0,0.0,0.0,0.0,0.0035991702661449998,0.16153296563449998,0.7455384157575,0.33573810858,Did not meet proficiency of Random Variables & Distributions,Did not meet proficiency of Computing & Visualizing Distributions,Did not meet proficiency of Specific Models,Did not meet proficiency of Continuous Models
115,1.0,1.0,1.0,0.0,0.9992437938025001,0.92426977733,0.9472943314325001,0.76462208791,Proficient in Random Variables & Distributions,Proficient in Computing & Visualizing Distributions,Proficient in Specific Models,Did not meet proficiency of Continuous Models
116,1.0,1.0,1.0,0.0,0.9651589933425,0.89899254345,0.9807338911775,0.7425114183775,Proficient in Random Variables & Distributions,Proficient in Computing & Visualizing Distributions,Proficient in Specific Models,Did not meet proficiency of Continuous Models
117,1.0,1.0,1.0,0.0,0.9880944523375,0.86308408845,0.98786049649,0.7376019311075,Proficient in Random Variables & Distributions,Proficient in Computing & Visualizing Distributions,Proficient in Specific Models,Did not meet proficiency of Continuous Models
118,1.0,1.0,1.0,0.0,0.9960653839975,0.92469591457,0.971879142475,0.77070743737,Proficient in Random Variables & Distributions,Proficient in Computing & Visualizing Distributions,Proficient in Specific Models,Did not meet proficiency of Continuous Models
119,0.0,0.0,1.0,0.0,0.7440364700125,0.799571993295,0.9497878868875,0.5911092102625001,Did not meet proficiency of Random Variables & Distributions,Did not meet proficiency of Computing & Visualizing Distributions,Proficient in Specific Models,Did not meet proficiency of Continuous Models
120,1.0,1.0,1.0,0.0,0.9970226881825001,0.8163090705974999,0.923206087335,0.7424938102324999,Proficient in Random Variables & Distributions,Proficient in Computing & Visualizing Distributions,Proficient in Specific Models,Did not meet proficiency of Continuous Models
121,1.0,1.0,0.0,0.0,0.9958045569075,0.82237899516,0.77301490298,0.7185992932274999,Proficient in Random Variables & Distributions,Proficient in Computing & Visualizing Distributions,Did not meet proficiency of Specific Models,Did not meet proficiency of Continuous Models
122,0.0,0.0,0.0,0.0,9.09632078298e-05,0.0653203952666725,0.015406507790875,0.34482575769225005,Did not meet proficiency of Random Variables & Distributions,Did not meet proficiency of Computing & Visualizing Distributions,Did not meet proficiency of Specific Models,Did not meet proficiency of Continuous Models
123,1.0,1.0,1.0,0.0,0.9994164195175,0.921095437765,0.998320664235,0.774782977265,Proficient in Random Variables & Distributions,Proficient in Computing & Visualizing Distributions,Proficient in Specific Models,Did not meet proficiency of Continuous Models
124,1.0,1.0,1.0,0.0,0.9968050586725,0.88756101961,0.9887264623600001,0.7439483585650001,Proficient in Random Variables & Distributions,Proficient in Computing & Visualizing Distributions,Proficient in Specific Models,Did not meet proficiency of Continuous Models
125,1.0,1.0,1.0,0.0,0.9372892541175001,0.9333394922,0.992787333235,0.7828554790825,Proficient in Random Variables & Distributions,Proficient in Computing & Visualizing Distributions,Proficient in Specific Models,Did not meet proficiency of Continuous Models
126,1.0,1.0,1.0,0.0,0.99970390305,0.9290749617599999,0.9983101704949999,0.77671039287,Proficient in Random Variables & Distributions,Proficient in Computing & Visualizing Distributions,Proficient in Specific Models,Did not meet proficiency of Continuous Models
127,1.0,1.0,1.0,0.0,0.9823919999075,0.92300907764,0.991056719895,0.7515354910275001,Proficient in Random Variables & Distributions,Proficient in Computing & Visualizing Distributions,Proficient in Specific Models,Did not meet proficiency of Continuous Models
128,1.0,1.0,1.0,0.0,0.9994008905775,0.938057953055,0.833708384765,0.7432572783425,Proficient in Random Variables & Distributions,Proficient in Computing & Visualizing Distributions,Proficient in Specific Models,Did not meet proficiency of Continuous Models
129,0.0,0.0,0.0,0.0,4.1576654487549995e-06,0.0297975102153375,0.0010459093884320001,0.34560338660975,Did not meet proficiency of Random Variables & Distributions,Did not meet proficiency of Computing & Visualizing Distributions,Did not meet proficiency of Specific Models,Did not meet proficiency of Continuous Models
130,0.0,1.0,1.0,0.0,0.20282088558050002,0.97583098554,0.9907605538175,0.4121100468925,Did not meet proficiency of Random Variables & Distributions,Proficient in Computing & Visualizing Distributions,Proficient in Specific Models,Did not meet proficiency of Continuous Models
131,1.0,1.0,1.0,0.0,0.99970390305,0.9290749617599999,0.9983101704949999,0.77671039287,Proficient in Random Variables & Distributions,Proficient in Computing & Visualizing Distributions,Proficient in Specific Models,Did not meet proficiency of Continuous Models
132,1.0,1.0,1.0,0.0,0.9906008754225001,0.892939180895,0.994405716935,0.76823122791,Proficient in Random Variables & Distributions,Proficient in Computing & Visualizing Distributions,Proficient in Specific Models,Did not meet proficiency of Continuous Models
133,1.0,1.0,1.0,0.0,0.9927578443225,0.8917893113625001,0.97287957074,0.764656287225,Proficient in Random Variables & Distributions,Proficient in Computing & Visualizing Distributions,Proficient in Specific Models,Did not meet proficiency of Continuous Models
134,0.0,0.0,0.0,0.0,0.1140199046069,0.0433205845199275,0.013052081798725,0.6662358509399999,Did not meet proficiency of Random Variables & Distributions,Did not meet proficiency of Computing & Visualizing Distributions,Did not meet proficiency of Specific Models,Did not meet proficiency of Continuous Models
135,1.0,1.0,1.0,0.0,0.99967283856,0.9299995768575,0.981739942445,0.77338911518,Proficient in Random Variables & Distributions,Proficient in Computing & Visualizing Distributions,Proficient in Specific Models,Did not meet proficiency of Continuous Models
136,1.0,1.0,1.0,0.0,0.99967283856,0.9299995768575,0.981739942445,0.77338911518,Proficient in Random Variables & Distributions,Proficient in Computing & Visualizing Distributions,Proficient in Specific Models,Did not meet proficiency of Continuous Models
137,1.0,1.0,1.0,0.0,0.998426587765,0.8849789766925,0.99212048997,0.7648201221550001,Proficient in Random Variables & Distributions,Proficient in Computing & Visualizing Distributions,Proficient in Specific Models,Did not meet proficiency of Continuous Models
138,1.0,1.0,1.0,0.0,0.91965674782,0.8804942406625,0.8920911829025,0.7002339036375,Proficient in Random Variables & Distributions,Proficient in Computing & Visualizing Distributions,Proficient in Specific Models,Did not meet proficiency of Continuous Models
139,1.0,0.0,0.0,0.0,0.99722065754,0.4913283999625,0.0059463905226225,0.5545729108675,Proficient in Random Variables & Distributions,Did not meet proficiency of Computing & Visualizing Distributions,Did not meet proficiency of Specific Models,Did not meet proficiency of Continuous Models
140,1.0,1.0,1.0,0.0,0.9996723026,0.9300153113349999,0.9815563702875001,0.7733460666024999,Proficient in Random Variables & Distributions,Proficient in Computing & Visualizing Distributions,Proficient in Specific Models,Did not meet proficiency of Continuous Models
141,0.0,0.0,0.0,0.0,0.01283314894705,0.35511874740525,0.00056753589508,0.34227093805,Did not meet proficiency of Random Variables & Distributions,Did not meet proficiency of Computing & Visualizing Distributions,Did not meet proficiency of Specific Models,Did not meet proficiency of Continuous Models
142,0.0,0.0,0.0,0.0,0.000138123381339125,0.16820790014902498,0.481162210485,0.338534803694,Did not meet proficiency of Random Variables & Distributions,Did not meet proficiency of Computing & Visualizing Distributions,Did not meet proficiency of Specific Models,Did not meet proficiency of Continuous Models
143,1.0,1.0,1.0,0.0,0.9983864562125,0.9216989384250001,0.9973193602175,0.7539762842825001,Proficient in Random Variables & Distributions,Proficient in Computing & Visualizing Distributions,Proficient in Specific Models,Did not meet proficiency of Continuous Models
144,0.0,1.0,0.0,0.0,0.555717263125,0.8417483271574999,0.14830924655674999,0.4361379528375,Did not meet proficiency of Random Variables & Distributions,Proficient in Computing & Visualizing Distributions,Did not meet proficiency of Specific Models,Did not meet proficiency of Continuous Models
145,0.0,1.0,1.0,0.0,0.7722437199625,0.8402092867000001,0.9851242293300001,0.6133464015875001,Did not meet proficiency of Random Variables & Distributions,Proficient in Computing & Visualizing Distributions,Proficient in Specific Models,Did not meet proficiency of Continuous Models
146,1.0,1.0,1.0,0.0,0.9979198251375,0.90496808185,0.9948638863825,0.7703316452425001,Proficient in Random Variables & Distributions,Proficient in Computing & Visualizing Distributions,Proficient in Specific Models,Did not meet proficiency of Continuous Models
147,1.0,1.0,1.0,0.0,0.9739023939225,0.9185848161425,0.9901689355325,0.69684318159,Proficient in Random Variables & Distributions,Proficient in Computing & Visualizing Distributions,Proficient in Specific Models,Did not meet proficiency of Continuous Models
148,1.0,1.0,1.0,0.0,0.9997043611374999,0.9238957221724999,0.9974128790800001,0.775298843705,Proficient in Random Variables & Distributions,Proficient in Computing & Visualizing Distributions,Proficient in Specific Models,Did not meet proficiency of Continuous Models
149,1.0,1.0,1.0,0.0,0.9994164195175,0.921095437765,0.998320664235,0.774782977265,Proficient in Random Variables & Distributions,Proficient in Computing & Visualizing Distributions,Proficient in Specific Models,Did not meet proficiency of Continuous Models
150,1.0,1.0,1.0,0.0,0.99940437892,0.921316346155,0.9948080126625,0.774085316325,Proficient in Random Variables & Distributions,Proficient in Computing & Visualizing Distributions,Proficient in Specific Models,Did not meet proficiency of Continuous Models
151,0.0,0.0,0.0,0.0,0.000130475257200875,0.33255695175125,0.07348295157887501,0.3403782238595,Did not meet proficiency of Random Variables & Distributions,Did not meet proficiency of Computing & Visualizing Distributions,Did not meet proficiency of Specific Models,Did not meet proficiency of Continuous Models
152,0.0,0.0,1.0,0.0,0.0046441607279375,0.40276478677,0.8917065043175001,0.33506556199599996,Did not meet proficiency of Random Variables & Distributions,Did not meet proficiency of Computing & Visualizing Distributions,Proficient in Specific Models,Did not meet proficiency of Continuous Models
153,0.0,0.0,0.0,0.0,8.018859772995e-06,0.044237104884087504,0.4497245246025,0.3392503491205,Did not meet proficiency of Random Variables & Distributions,Did not meet proficiency of Computing & Visualizing Distributions,Did not meet proficiency of Specific Models,Did not meet proficiency of Continuous Models
154,0.0,0.0,1.0,0.0,0.02793220391495,0.7768117326325,0.9624288964375001,0.34454852408075,Did not meet proficiency of Random Variables & Distributions,Did not meet proficiency of Computing & Visualizing Distributions,Proficient in Specific Models,Did not meet proficiency of Continuous Models
155,1.0,1.0,1.0,0.0,0.99628201317,0.903445604605,0.94158206182,0.7156793413025,Proficient in Random Variables & Distributions,Proficient in Computing & Visualizing Distributions,Proficient in Specific Models,Did not meet proficiency of Continuous Models
156,0.0,0.0,0.0,0.0,0.06834117149395,0.7575284387925,0.03243915140805,0.3444857400825,Did not meet proficiency of Random Variables & Distributions,Did not meet proficiency of Computing & Visualizing Distributions,Did not meet proficiency of Specific Models,Did not meet proficiency of Continuous Models
157,1.0,1.0,1.0,0.0,0.9992437938025001,0.92426977733,0.9472943314325001,0.76462208791,Proficient in Random Variables & Distributions,Proficient in Computing & Visualizing Distributions,Proficient in Specific Models,Did not meet proficiency of Continuous Models
158,1.0,1.0,1.0,0.0,0.9811281233675001,0.9283891440275001,0.99402361704,0.753308734565,Proficient in Random Variables & Distributions,Proficient in Computing & Visualizing Distributions,Proficient in Specific Models,Did not meet proficiency of Continuous Models
159,0.0,1.0,1.0,0.0,0.7269458748050001,0.9299772379250001,0.9869467992125,0.731151857775,Did not meet proficiency of Random Variables & Distributions,Proficient in Computing & Visualizing Distributions,Proficient in Specific Models,Did not meet proficiency of Continuous Models
160,1.0,1.0,1.0,0.0,0.9983911427425001,0.902367749955,0.9911262093950001,0.748135461715,Proficient in Random Variables & Distributions,Proficient in Computing & Visualizing Distributions,Proficient in Specific Models,Did not meet proficiency of Continuous Models
161,0.0,1.0,0.0,0.0,0.581106442685,0.899153214865,0.3884335946,0.484268879025,Did not meet proficiency of Random Variables & Distributions,Proficient in Computing & Visualizing Distributions,Did not meet proficiency of Specific Models,Did not meet proficiency of Continuous Models
162,0.0,0.0,0.0,0.0,0.11972464789324999,0.10802413246062499,0.0048598090120675,0.637904365125,Did not meet proficiency of Random Variables & Distributions,Did not meet proficiency of Computing & Visualizing Distributions,Did not meet proficiency of Specific Models,Did not meet proficiency of Continuous Models
163,1.0,1.0,1.0,0.0,0.99940437892,0.921316346155,0.9948080126625,0.774085316325,Proficient in Random Variables & Distributions,Proficient in Computing & Visualizing Distributions,Proficient in Specific Models,Did not meet proficiency of Continuous Models
164,1.0,1.0,1.0,0.0,0.956731463545,0.8982462358125,0.9353054859850001,0.7339480891925,Proficient in Random Variables & Distributions,Proficient in Computing & Visualizing Distributions,Proficient in Specific Models,Did not meet proficiency of Continuous Models
165,0.0,0.0,0.0,0.0,0.19287371219774999,0.11463930630170001,0.0062988307841575,0.65167322403,Did not meet proficiency of Random Variables & Distributions,Did not meet proficiency of Computing & Visualizing Distributions,Did not meet proficiency of Specific Models,Did not meet proficiency of Continuous Models
166,1.0,1.0,1.0,0.0,0.9643703394550001,0.8844004067675001,0.9631296919,0.7371118920625,Proficient in Random Variables & Distributions,Proficient in Computing & Visualizing Distributions,Proficient in Specific Models,Did not meet proficiency of Continuous Models
167,1.0,1.0,1.0,0.0,0.98207933048,0.9089067307825,0.9819338044725,0.7463000680474999,Proficient in Random Variables & Distributions,Proficient in Computing & Visualizing Distributions,Proficient in Specific Models,Did not meet proficiency of Continuous Models
168,1.0,1.0,1.0,0.0,0.9992437938025001,0.92426977733,0.9472943314325001,0.76462208791,Proficient in Random Variables & Distributions,Proficient in Computing & Visualizing Distributions,Proficient in Specific Models,Did not meet proficiency of Continuous Models
169,1.0,1.0,1.0,0.0,0.99967283856,0.9299995768575,0.981739942445,0.77338911518,Proficient in Random Variables & Distributions,Proficient in Computing & Visualizing Distributions,Proficient in Specific Models,Did not meet proficiency of Continuous Models
170,0.0,0.0,0.0,0.0,0.14466447728775,0.3610684981065,0.022181815348975,0.3578381473375,Did not meet proficiency of Random Variables & Distributions,Did not meet proficiency of Computing & Visualizing Distributions,Did not meet proficiency of Specific Models,Did not meet proficiency of Continuous Models
171,1.0,1.0,1.0,0.0,0.98121617978,0.8861815808225,0.994475069585,0.74360068065,Proficient in Random Variables & Distributions,Proficient in Computing & Visualizing Distributions,Proficient in Specific Models,Did not meet proficiency of Continuous Models
172,1.0,1.0,1.0,0.0,0.9993991261249999,0.915496938635,0.99205554195,0.7721744846824999,Proficient in Random Variables & Distributions,Proficient in Computing & Visualizing Distributions,Proficient in Specific Models,Did not meet proficiency of Continuous Models
173,1.0,1.0,0.0,0.0,0.99895125167,0.8571811912325,0.7821215704425,0.7251599653324999,Proficient in Random Variables & Distributions,Proficient in Computing & Visualizing Distributions,Did not meet proficiency of Specific Models,Did not meet proficiency of Continuous Models
174,1.0,1.0,1.0,0.0,0.9993991261249999,0.915496938635,0.99205554195,0.7721744846824999,Proficient in Random Variables & Distributions,Proficient in Computing & Visualizing Distributions,Proficient in Specific Models,Did not meet proficiency of Continuous Models
175,0.0,1.0,1.0,0.0,0.075974268996,0.9385698033025,0.9570349447575001,0.363036207933,Did not meet proficiency of Random Variables & Distributions,Proficient in Computing & Visualizing Distributions,Proficient in Specific Models,Did not meet proficiency of Continuous Models
176,1.0,1.0,1.0,0.0,0.99970390305,0.9290749617599999,0.9983101704949999,0.77671039287,Proficient in Random Variables & Distributions,Proficient in Computing & Visualizing Distributions,Proficient in Specific Models,Did not meet proficiency of Continuous Models
177,1.0,1.0,1.0,0.0,0.9996950782875,0.9240220331025,0.9920383983175,0.7742208419925001,Proficient in Random Variables & Distributions,Proficient in Computing & Visualizing Distributions,Proficient in Specific Models,Did not meet proficiency of Continuous Models
178,1.0,1.0,1.0,0.0,0.9996619532075,0.9244441604625,0.972360040165,0.7702925823550001,Proficient in Random Variables & Distributions,Proficient in Computing & Visualizing Distributions,Proficient in Specific Models,Did not meet proficiency of Continuous Models
179,1.0,1.0,1.0,0.0,0.9991798330275,0.8862704412625,0.991088821755,0.7653901688125,Proficient in Random Variables & Distributions,Proficient in Computing & Visualizing Distributions,Proficient in Specific Models,Did not meet proficiency of Continuous Models
180,1.0,1.0,1.0,0.0,0.99940437892,0.921316346155,0.9948080126625,0.774085316325,Proficient in Random Variables & Distributions,Proficient in Computing & Visualizing Distributions,Proficient in Specific Models,Did not meet proficiency of Continuous Models
181,1.0,1.0,0.0,0.0,0.99825282127,0.9232605013375,0.6204303583874999,0.696322219165,Proficient in Random Variables & Distributions,Proficient in Computing & Visualizing Distributions,Did not meet proficiency of Specific Models,Did not meet proficiency of Continuous Models
182,1.0,1.0,1.0,0.0,0.9990801478475,0.90927804258,0.9724552015375,0.7667253417975001,Proficient in Random Variables & Distributions,Proficient in Computing & Visualizing Distributions,Proficient in Specific Models,Did not meet proficiency of Continuous Models
183,1.0,0.0,1.0,0.0,0.837891431,0.7972659323875,0.9080511253025001,0.7701699209775,Proficient in Random Variables & Distributions,Did not meet proficiency of Computing & Visualizing Distributions,Proficient in Specific Models,Did not meet proficiency of Continuous Models
184,1.0,1.0,1.0,0.0,0.9993610722424999,0.922127356825,0.9818484268050001,0.771523008955,Proficient in Random Variables & Distributions,Proficient in Computing & Visualizing Distributions,Proficient in Specific Models,Did not meet proficiency of Continuous Models
185,1.0,1.0,1.0,0.0,0.9996905355875,0.9128475578874999,0.9859158058274999,0.7703930685125,Proficient in Random Variables & Distributions,Proficient in Computing & Visualizing Distributions,Proficient in Specific Models,Did not meet proficiency of Continuous Models
186,1.0,0.0,0.0,0.0,0.9296073818999999,0.7513574541175,0.7936457602675,0.6703680104249999,Proficient in Random Variables & Distributions,Did not meet proficiency of Computing & Visualizing Distributions,Did not meet proficiency of Specific Models,Did not meet proficiency of Continuous Models
187,1.0,1.0,1.0,0.0,0.99968916764,0.9099974949,0.983699306755,0.7693386124875,Proficient in Random Variables & Distributions,Proficient in Computing & Visualizing Distributions,Proficient in Specific Models,Did not meet proficiency of Continuous Models
188,1.0,1.0,1.0,0.0,0.9284843648125,0.9145365027625001,0.9622013679275,0.7183555905450001,Proficient in Random Variables & Distributions,Proficient in Computing & Visualizing Distributions,Proficient in Specific Models,Did not meet proficiency of Continuous Models
189,0.0,0.0,0.0,0.0,0.00156260827757625,0.04503127545209,0.450116363925,0.33966227511749997,Did not meet proficiency of Random Variables & Distributions,Did not meet proficiency of Computing & Visualizing Distributions,Did not meet proficiency of Specific Models,Did not meet proficiency of Continuous Models
190,1.0,1.0,1.0,0.0,0.9547818986500001,0.9076585220525,0.996762448745,0.74657116606,Proficient in Random Variables & Distributions,Proficient in Computing & Visualizing Distributions,Proficient in Specific Models,Did not meet proficiency of Continuous Models
0,,,,,,,,,Did not meet proficiency of Random Variables & Distributions,Did not meet proficiency of Computing & Visualizing Distributions,Did not meet proficiency of Specific Models,Did not meet proficiency of Continuous Models
